dia03,oonorina,math_2,23時間39分23秒
dia03,oonorina,math_1,8時間32分19秒
dia03,oonorina,math_b,32時間18分8秒
dia03,oonorina,math_a,8時間44分44秒
holon-tierra_k,kobayashikanami,math_elementary,2時間33分10秒
kec02,iwamotomio,en_grammar_fundamental_plus,1時間29分46秒
updatetest,sonokocchi2,math_elementary,0時間15分8秒
dot00,kurumi,en_grammar_fundamental_plus,1時間36分28秒
dia06,noriaki,math_2,11時間44分32秒
dia06,noriaki,math_1,8時間16分27秒
dia06,noriaki,math_b,19時間3分6秒
dia06,noriaki,math_a,4時間4分18秒
holon-tierra_ng,mae-yurika,math_2,25時間12分58秒
holon-tierra_ng,mae-yurika,math_1,13時間59分60秒
holon-tierra_ng,mae-yurika,math_b,28時間0分58秒
holon-tierra_ng,mae-yurika,math_a,14時間24分4秒
kec02,Matsuotaisei,math_elementary,0時間0分0秒
zup01,ilvbts32,en_grammar_advanced,5時間56分22秒
zup01,ilvbts32,en_grammar_etc,1時間23分47秒
zup01,ilvbts32,en_grammar_fundamental_plus,0時間25分2秒
zup01,ilvbts32,en_grammar_fundamental,1時間49分34秒
zup01,ilvbts32,en_grammar_advanced_plus,3時間46分9秒
pre03,nagasawaryota,math_elementary,0時間27分51秒
tie01,maeda_hayato,math_a,8時間46分5秒
zup01,inoue_sota,en_grammar_advanced,10時間12分24秒
zup01,inoue_sota,en_grammar_fundamental_plus,0時間51分3秒
dot00,suzuki-kotaro,physics_basic,2時間6分47秒
tie04,oshiotatsuya,math_2,11時間6分26秒
tie04,oshiotatsuya,math_b,10時間6分58秒
meb04,kitamuranatsuki,en_grammar_advanced,15時間54分13秒
meb04,kitamuranatsuki,en_grammar_fundamental_plus,2時間48分30秒
meb04,kitamuranatsuki,en_grammar_fundamental,16時間52分10秒
holon-tierra_u,WakabayashiYuzuka,math_elementary,1時間35分7秒
univer,yuma22,math_elementary,0時間22分32秒
dia07,matuisaki,math_elementary,2時間23分21秒
edi04,sdcv,math_elementary,1時間15分15秒
tie02,kreva57,math_1,11時間51分33秒
kec06,otowata,math_1,8時間1分15秒
kec06,otowata,math_a,5時間47分38秒
kec03,onatsu,math_elementary,0時間4分46秒
isa01,yamauchi-wakana,en_grammar_fundamental_plus,0時間43分29秒
isa01,yamauchi-wakana,en_grammar_fundamental,4時間37分16秒
zup02,terazakihiroaki,en_grammar_advanced_plus,9時間0分43秒
kec05,kakutanigen2,physics_basic,6時間54分36秒
zen09,nagashimaasaki,en_grammar_fundamental_plus,1時間48分46秒
zen09,nagashimaasaki,en_grammar_fundamental,6時間55分29秒
goa01,takedarina,math_elementary,0時間15分36秒
sun01,chibaryouichi,en_grammar_fundamental_plus,2時間2分36秒
sun01,chibaryouichi,en_grammar_fundamental,5時間22分33秒
tie04,sakaguchirichi,math_1,5時間55分13秒
dia01,yanai,math_elementary,0時間8分6秒
holon-tierra_ng,Morinosayaka,math_elementary,0時間24分21秒
zup01,furukawa_sayako,math_elementary,0時間0分0秒
holon-tierra_fu,hanaoka2113,math_elementary,1時間5分56秒
admin,minmin,en_grammar_fundamental_plus,1時間25分22秒
kec03,daisuketanaka,math_elementary,3時間8分42秒
holon-tierra_ng,iwashitakentaro,math_1,26時間9分23秒
holon-tierra_ng,iwashitakentaro,math_a,7時間59分52秒
holon-tierra_ng,satomaru,math_2,22時間59分43秒
holon-tierra_ng,isktomomi,math_1,49時間41分23秒
holon-tierra_ng,isktomomi,math_a,17時間25分26秒
noh02,osakiyue,math_elementary,1時間9分40秒
dot00,kurumi,math_elementary,0時間2分51秒
kec06,reiji24,math_2,24時間37分14秒
holon-tierra_ng,isktomomi,math_elementary,2時間57分43秒
kec05,nakajimayuta,math_elementary,0時間23分21秒
mky03,kodamiyu,en_grammar_fundamental_plus,3時間58分52秒
tie01,taguchi_keiji,math_elementary,0時間48分33秒
noh13,qtoq,math_elementary,1時間27分59秒
mcs05,matsuokeishun,en_grammar_fundamental_plus,1時間6分41秒
univer,univer03,math_elementary,0時間54分20秒
isa01,fujiwara7091,math_elementary,1時間12分45秒
mky03,ikegayaryo,en_grammar_advanced,5時間34分40秒
mky03,ikegayaryo,en_grammar_fundamental_plus,0時間44分40秒
mky03,ikegayaryo,en_grammar_fundamental,2時間51分6秒
mky03,ikegayaryo,en_grammar_advanced_plus,2時間48分30秒
zup01,kan_taiki,en_grammar_fundamental_plus,0時間10分44秒
pre02,yamahatayumeno,math_elementary,0時間46分51秒
dia03,komada1220,math_elementary,0時間45分11秒
pre03,iwanishiyuka,math_elementary,0時間3分23秒
mky11,suzukihikari,math_elementary,0時間45分39秒
kec01,Atsuto,math_elementary,0時間5分22秒
holon-tierra_fu,KawaduSyunya,math_elementary,0時間50分15秒
dia02,sara0701,math_1,22時間41分45秒
dia02,sara0701,math_a,4時間5分46秒
holon-tierra_n,Terumi,math_elementary,1時間0分41秒
sho02,yokoyama_seri_1226,en_grammar_fundamental_plus,1時間35分18秒
sho02,kojima-ryohei-0629,en_grammar_fundamental_plus,0時間51分1秒
sho02,kojima-ryohei-0629,en_grammar_advanced_plus,7時間40分29秒
holon-tierra_ng,htng27,math_2,26時間16分26秒
holon-tierra_ng,htng27,math_1,15時間45分11秒
holon-tierra_ng,htng27,math_b,14時間12分21秒
kec05,kakutanigen2,math_1,13時間9分6秒
kec05,kakutanigen2,math_a,10時間47分60秒
holon-tierra_ng,shizuru_hirata,math_elementary,5時間5分2秒
holon-tierra_ng,shizuru_hirata,math_basic,16時間15分52秒
zen11,FunabashiNaoto,en_grammar_fundamental,12時間42分16秒
hol21,moriyamataito,chemistry_basic,3時間22分20秒
sho01,abe_yuka_0503,en_grammar_fundamental_plus,1時間49分32秒
sho01,abe_yuka_0503,en_grammar_fundamental,7時間3分52秒
kec02,sugitaminori,en_grammar_advanced,11時間37分11秒
kec02,sugitaminori,en_grammar_etc,3時間41分17秒
kec02,sugitaminori,en_grammar_fundamental_plus,1時間32分16秒
kec02,sugitaminori,en_grammar_fundamental,19時間40分52秒
kec02,sugitaminori,en_grammar_advanced_plus,8時間44分0秒
holon-tierra_u,SameshimaTomoya,math_a,16時間23分44秒
holon-tierra_ng,Kubotakaoru,en_grammar_fundamental_plus,0時間56分18秒
zup03,t158262,math_b,20時間34分36秒
holon-tierra_m,rinrinkorira,math_elementary,1時間29分12秒
holon-tierra_ng,shimadamomoka,math_1,20時間27分19秒
dot00,ikuminakamura,math_elementary,0時間10分6秒
pre01,sasakiyui,math_a,6時間33分5秒
dia07,tanaka03,math_elementary,2時間23分59秒
univer,univer07,physics_basic,7時間2分38秒
mky03,tokuyamaseiya,en_grammar_fundamental_plus,1時間16分29秒
mky03,tokuyamaseiya,en_grammar_fundamental,6時間59分23秒
mky06,MuramatsuYuta,math_elementary,0時間0分0秒
sun01,morisakikosei,en_grammar_fundamental_plus,1時間17分32秒
sun01,morisakikosei,en_grammar_fundamental,3時間46分53秒
dia06,ito001214,math_2,19時間2分46秒
dia06,ito001214,math_a,7時間37分49秒
zen09,tsumura,en_grammar_fundamental,15時間47分33秒
hol32,shiinaonomichi,math_2,49時間25分31秒
hol32,shiinaonomichi,math_b,50時間13分8秒
univer,kaito0801,math_1,6時間57分56秒
holon-tierra_ng,ibataiga,math_a,12時間21分20秒
holon-tierra_k,Takumi-Hara,math_a,8時間44分5秒
zen13,mrkwtds021108,math_1,14時間29分48秒
mky03,tokuyamaseiya,math_2,12時間26分48秒
mky03,tokuyamaseiya,math_b,11時間41分36秒
mky03,tokuyamaseiya,math_a,2時間30分23秒
holon-tierra_ng,hirokadoshita,math_1,41時間24分16秒
holon-tierra_ng,hirokadoshita,math_a,51時間21分30秒
kec03,ikoma,en_grammar_advanced,3時間57分7秒
kec03,ikoma,en_grammar_fundamental_plus,0時間12分43秒
kec03,ikoma,en_grammar_fundamental,1時間28分18秒
kec03,hana87,math_1,24時間3分60秒
kec03,hana87,math_a,18時間42分35秒
hol32,kawanomiyu,math_1,9時間24分29秒
hol32,kawanomiyu,math_a,8時間56分5秒
was02,tanouesaki,en_grammar_fundamental,8時間54分10秒
isa01,kamahori,en_grammar_advanced,5時間57分57秒
isa01,kamahori,en_grammar_etc,1時間20分38秒
isa01,kamahori,en_grammar_fundamental_plus,0時間34分57秒
isa01,kamahori,en_grammar_fundamental,2時間21分47秒
isa01,kamahori,en_grammar_advanced_plus,3時間28分58秒
holon-tierra_ng,miu-osugi,math_elementary,0時間6分59秒
holon-tierra_ng,satomaru,math_elementary,0時間0分0秒
zen14,Musashi0125,math_elementary,0時間36分14秒
zen14,Musashi0125,math_basic,7時間3分14秒
holon-tierra_ng,inouemomoko,math_a,12時間57分8秒
noh07,n-araki,math_basic,11時間51分58秒
kec03,inamoto720junya,math_1,21時間39分19秒
kec03,inamoto720junya,math_a,6時間58分55秒
meb04,shimakotarou,en_grammar_fundamental_plus,2時間29分10秒
meb04,shimakotarou,en_grammar_fundamental,17時間47分23秒
aki01,atamachisa,math_1,11時間19分50秒
univer,univer05,math_1,15時間21分20秒
kec02,sugitaminori,math_1,53時間27分58秒
holon-tierra_u,SakuradaYuna,math_elementary,1時間33分36秒
dia02,sara0701,math_elementary,0時間10分42秒
holon-tierra_ng,Hana0531,math_elementary,0時間9分10秒
kec01,nakatani,en_grammar_fundamental_plus,0時間40分24秒
dot00,oomatuiduki,math_elementary,1時間21分51秒
dot00,oomatuiduki,math_basic,46時間39分42秒
zenkyoken_shime,T-2004sato,math_elementary,1時間0分5秒
kec02,toumax,en_grammar_advanced,12時間11分44秒
kec02,toumax,en_grammar_etc,5時間2分10秒
kec02,toumax,en_grammar_fundamental_plus,1時間11分57秒
kec02,toumax,en_grammar_fundamental,8時間34分42秒
kec02,toumax,en_grammar_advanced_plus,6時間27分53秒
kec06,ikebata,en_grammar_fundamental_plus,1時間42分2秒
kec06,ikebata,en_grammar_fundamental,5時間35分39秒
kec02,Matsuotaisei,en_grammar_advanced,14時間10分55秒
kec02,Matsuotaisei,en_grammar_etc,6時間17分5秒
kec02,Matsuotaisei,en_grammar_fundamental_plus,3時間1分58秒
kec02,Matsuotaisei,en_grammar_fundamental,9時間11分53秒
kec02,Matsuotaisei,en_grammar_advanced_plus,12時間27分13秒
edic_t,edt11,math_elementary,0時間3分19秒
goa02,testmichimoto,math_elementary,0時間34分26秒
zen14,yamaguchi,math_elementary,0時間30分27秒
zup01,inoue_ayano,math_1,4時間32分19秒
hol32,tabatamoeka,math_b,43時間15分49秒
hol32,tabatamoeka,math_a,8時間53分15秒
tie02,hayashitakakazu,math_1,14時間10分31秒
zup01,oishi_nonoko,en_grammar_advanced,7時間34分38秒
zup01,oishi_nonoko,en_grammar_fundamental_plus,1時間8分49秒
zup01,oishi_nonoko,en_grammar_fundamental,3時間43分44秒
zup01,oishi_nonoko,en_grammar_advanced_plus,7時間0分33秒
was03,ikon64,en_grammar_advanced,5時間42分4秒
was03,ikon64,en_grammar_etc,1時間38分33秒
was03,ikon64,en_grammar_fundamental_plus,0時間27分9秒
was03,ikon64,en_grammar_fundamental,1時間52分20秒
was03,ikon64,en_grammar_advanced_plus,3時間45分57秒
holon-tierra_ng,ikedamana,math_elementary,3時間56分48秒
holon-tierra_ng,ikedamana,math_basic,34時間30分2秒
zup01,kobayashi_nanaka,math_elementary,1時間1分39秒
zup02,n0105,en_grammar_fundamental_plus,0時間58分51秒
zup02,n0105,en_grammar_advanced_plus,6時間50分5秒
edi04,sumitsubu96,math_elementary,0時間35分38秒
zup04,nakamurayurika,math_2,10時間42分46秒
zup04,nakamurayurika,math_1,5時間12分41秒
dot00,ikeberyu,math_1,16時間27分56秒
dot00,ikeberyu,math_a,13時間1分29秒
dia07,suzukimiyu01,math_elementary,0時間28分1秒
holon-tierra_ng,Bananaoto20,math_a,11時間4分43秒
holon-tierra_k,htkc01,math_elementary,3時間28分47秒
dot00,TsubataYusuke,math_b,14時間54分11秒
holon-tierra_ng,mae-yurika,chemistry_basic,3時間56分34秒
holon-tierra_ng,mae-yurika,chemistry_standard,3時間38分36秒
kec03,mizuho0604,math_1,36時間1分14秒
kec03,mizuho0604,math_a,22時間47分37秒
sho02,yamane-hiroki-0104,en_grammar_advanced,5時間58分30秒
sho02,yamane-hiroki-0104,en_grammar_etc,2時間3分4秒
sho02,yamane-hiroki-0104,en_grammar_fundamental_plus,0時間27分60秒
sho02,yamane-hiroki-0104,en_grammar_fundamental,1時間19分52秒
sho02,yamane-hiroki-0104,en_grammar_advanced_plus,5時間51分5秒
holon-tierra_fu,WakazonoSatoka,math_elementary,0時間23分12秒
kec02,iwamotomio,math_2,38時間22分31秒
kec02,iwamotomio,math_a,13時間20分28秒
kec03,haru-121222,math_elementary,0時間57分11秒
hol20,umezawadaisuke,math_elementary,1時間8分34秒
holon-tierra_ng,shibayuto,math_2,26時間35分60秒
holon-tierra_ng,shibayuto,math_1,15時間36分34秒
holon-tierra_ng,shibayuto,math_a,12時間13分8秒
dia01,miura1013,math_basic,5時間19分27秒
dot00,sawaierina,en_grammar_advanced,10時間15分55秒
dot00,sawaierina,en_grammar_fundamental_plus,3時間12分37秒
zup04,saitoharuno,en_grammar_fundamental,10時間0分22秒
holon-tierra_fu,KitagawaYuki,math_elementary,2時間32分23秒
zup01,kojima_hazuki,math_elementary,0時間3分11秒
dot00,sawaierina,math_elementary,0時間4分33秒
holon-tierra_ng,Ryosuke1013,math_elementary,0時間10分54秒
sho02,watarai-ria,en_grammar_fundamental_plus,1時間58分28秒
meb04,Gakuto328,math_elementary,0時間2分49秒
dia04,ksaemtk,math_1,46時間53分22秒
dia04,ksaemtk,math_a,19時間11分40秒
holon-tierra_ng,abiru8007,math_a,13時間23分20秒
sho03,Miyakosi_Daiki_1016,math_elementary,0時間38分46秒
kec02,takahashisae,en_grammar_fundamental_plus,2時間13分37秒
mky02,sugimotoyuki,math_elementary,1時間21分30秒
univer,univer10,math_2,28時間53分47秒
univer,univer10,math_1,10時間24分48秒
univer,univer10,math_b,41時間47分23秒
univer,univer10,math_3,63時間1分48秒
univer,univer10,math_a,9時間50分32秒
sun01,natsuno-yoshikawa,en_grammar_advanced,12時間46分18秒
sun01,natsuno-yoshikawa,en_grammar_fundamental_plus,3時間32分51秒
kec03,tatsukiadachi,math_elementary,0時間23分56秒
meb04,matsuiyuma,en_grammar_fundamental_plus,5時間19分40秒
meb04,matsuiyuma,en_grammar_fundamental,31時間40分24秒
hol16,sakochan81,math_1,37時間58分1秒
hol16,sakochan81,math_a,5時間57分37秒
kec03,okayama,math_1,12時間57分9秒
aki01,atamaaika,math_a,5時間34分47秒
tie01,tsuda_yurina,math_1,10時間48分34秒
tie01,tsuda_yurina,math_a,9時間31分48秒
tie02,MATTSU,math_1,9時間22分14秒
zup01,inoue_arisa,math_elementary,0時間47分51秒
kec02,kimurahinako,en_grammar_advanced,18時間8分25秒
tkg01,unomichi,en_grammar_fundamental_plus,1時間1分4秒
dia03,miuradenden,math_elementary,0時間23分27秒
aki01,atamaaika,en_grammar_fundamental_plus,1時間48分24秒
aki01,atamaaika,en_grammar_fundamental,7時間3分4秒
kec05,nakajimayuta,en_grammar_fundamental_plus,0時間22分53秒
kec05,nakajimayuta,en_grammar_fundamental,3時間22分16秒
kec03,yucofujita,en_grammar_fundamental_plus,2時間43分28秒
kec03,yucofujita,en_grammar_fundamental,20時間22分17秒
holon-tierra_ng,hirokadoshita,en_grammar_advanced,20時間31分55秒
holon-tierra_ng,hirokadoshita,en_grammar_fundamental_plus,3時間23分59秒
holon-tierra_ng,hirokadoshita,en_grammar_fundamental,14時間58分44秒
sun07,ryo25,en_grammar_fundamental_plus,1時間9分44秒
sun07,ryo25,en_grammar_fundamental,6時間24分57秒
tie04,IzutaniShunsuke,math_1,16時間22分44秒
admin,yukayuka,en_grammar_fundamental_plus,0時間19分23秒
dia06,sgmtsht,math_a,12時間16分2秒
zkai,zkai0000003,math_b,12時間18分60秒
holon-tierra_u,FukumasaSeina,math_elementary,1時間56分47秒
updatetest,ut0125,math_1,0時間13分49秒
isa01,yuichiro3939,chemistry_basic,10時間22分24秒
pre11,kamiyoshihiromu,math_a,7時間52分2秒
mky03,Ikegayatakato,en_grammar_fundamental_plus,0時間48分15秒
was02,uchitatewa,en_grammar_fundamental_plus,3時間13分60秒
was02,uchitatewa,en_grammar_fundamental,15時間46分22秒
zup01,oishi_nonoko,math_elementary,0時間4分23秒
ipl01,Motokunsnow0810,math_elementary,0時間17分57秒
zup05,ishidanana,en_grammar_advanced,11時間46分1秒
zup05,ishidanana,en_grammar_fundamental_plus,1時間52分7秒
zup05,ishidanana,en_grammar_fundamental,5時間29分7秒
sho05,nishidate_raina_0901,en_grammar_fundamental,16時間39分53秒
dot00,aika,math_elementary,0時間1分15秒
isa01,yamadami,chemistry_basic,5時間46分20秒
dia03,oonorina,math_elementary,0時間24分22秒
holon-tierra_ng,nonakataiki,en_grammar_advanced,5時間14分26秒
holon-tierra_ng,nonakataiki,en_grammar_fundamental_plus,0時間18分59秒
holon-tierra_ng,nonakataiki,en_grammar_advanced_plus,5時間38分56秒
zup01,tachikawa_karin,en_grammar_fundamental_plus,2時間57分23秒
holon-tierra_ng,Sakaueshota,math_elementary,0時間11分56秒
hol21,maitanishingo,math_elementary,0時間21分26秒
zup04,uenagataiki,math_1,7時間20分24秒
dia01,HinaHarada,math_elementary,0時間12分20秒
kec03,kamiyamaryo,math_1,10時間38分25秒
ipl01,Motokunsnow0810,math_1,21時間23分8秒
meb04,sunada,en_grammar_fundamental_plus,6時間28分37秒
edic_t,edt11,en_grammar_fundamental_plus,0時間36分25秒
edic_t,edt11,en_grammar_fundamental,21時間20分16秒
ipl01,Motokunsnow0810,en_grammar_advanced,17時間26分36秒
ipl01,Motokunsnow0810,en_grammar_etc,6時間13分33秒
ipl01,Motokunsnow0810,en_grammar_fundamental_plus,2時間20分15秒
ipl01,Motokunsnow0810,en_grammar_fundamental,12時間51分6秒
ipl01,Motokunsnow0810,en_grammar_advanced_plus,8時間35分9秒
sun07,yokotsukamanami,en_grammar_fundamental_plus,0時間59分48秒
holon-tierra_ng,inouemomoko,math_elementary,0時間37分41秒
holon-tierra_ng,toukotanaka,math_elementary,0時間36分19秒
zen09,yosidumi,en_grammar_fundamental_plus,1時間29分26秒
dia03,melody,math_2,23時間48分20秒
dia03,melody,math_1,16時間29分59秒
dia03,melody,math_b,37時間0分47秒
dia03,melody,math_a,8時間46分33秒
kec04,yamamotoshu,math_elementary,2時間32分5秒
ipl01,ipl010000015,en_grammar_fundamental_plus,1時間49分42秒
ipl01,ipl010000015,en_grammar_fundamental,6時間4分39秒
mky06,okamuratakuya,en_grammar_fundamental_plus,1時間28分60秒
sho01,goshima_yukino_0416,en_grammar_fundamental_plus,3時間4分48秒
sho01,goshima_yukino_0416,en_grammar_fundamental,7時間45分55秒
hol30,nakayaharuna,math_1,14時間45分9秒
hol30,nakayaharuna,math_a,11時間39分4秒
holon-tierra_k,ooiwashoutarou,math_elementary,5時間16分47秒
holon-tierra_ng,yamamurayuta,math_elementary,6時間40分43秒
tie01,chikui_nanaho,math_elementary,0時間0分43秒
dot00,sawaierina,physics_basic,7時間36分51秒
tie06,h37677616,math_elementary,1時間6分54秒
zkai,zkai0000009,math_b,35時間10分49秒
kec03,airi0515,en_grammar_advanced,14時間16分23秒
kec03,airi0515,en_grammar_etc,3時間43分15秒
kec03,airi0515,en_grammar_fundamental_plus,3時間23分37秒
kec03,airi0515,en_grammar_fundamental,17時間28分56秒
kec03,airi0515,en_grammar_advanced_plus,5時間55分21秒
zen19,satokanna,math_elementary,1時間35分53秒
mcs05,satoyumi,en_grammar_fundamental,14時間0分45秒
holon-tierra_ng,Tokunaganaho,math_a,19時間33分59秒
zup02,kuriyama,en_grammar_fundamental_plus,1時間33分3秒
zup02,kuriyama,en_grammar_fundamental,14時間14分42秒
holon-tierra_ng,Noharakaito,en_grammar_fundamental,8時間22分6秒
holon-tierra_m,Hoshi,math_elementary,0時間59分9秒
mcs05,horima-naoshi,en_grammar_fundamental,23時間51分3秒
pre12,pak_soryon,math_elementary,1時間8分37秒
kec02,sugitaminori,math_elementary,2時間5分49秒
zup04,ayari,en_grammar_fundamental,7時間33分29秒
dia06,okawa,math_elementary,0時間12分40秒
kec02,iwamotomio,math_elementary,0時間50分45秒
kec04,maika0807,en_grammar_fundamental_plus,1時間40分14秒
kec04,maika0807,en_grammar_fundamental,11時間27分35秒
zen09,sakaiyukari,en_grammar_fundamental_plus,0時間41分54秒
aki01,atamaaika,math_elementary,0時間59分19秒
pre13,takenaka_kazuma,math_elementary,0時間14分34秒
kec03,haruki33,math_elementary,0時間15分17秒
kec05,nakajimayuta,math_a,13時間38分6秒
zup10,tsunechi,en_grammar_fundamental_plus,1時間6分3秒
pre09,Harmonious,math_elementary,0時間0分0秒
holon-tierra_u,YoriKyosuke,math_2,32時間21分28秒
holon-tierra_ng,KazuhoNohara,math_b,19時間46分5秒
mcs05,mcs05c01,en_grammar_fundamental,1時間22分51秒
holon-tierra_ng,Kunichidejuri,math_a,20時間40分46秒
dot00,ikeberyu,math_elementary,0時間15分39秒
holon-tierra_ng,htng27,math_elementary,0時間6分56秒
dot00,TsubataYusuke,physics_basic,9時間21分52秒
kec03,hiroyasu0413,math_a,12時間50分29秒
kec02,rihokomorii,en_grammar_fundamental_plus,4時間22分38秒
kec02,rihokomorii,en_grammar_fundamental,19時間36分60秒
dia03,yamashitayuka,math_a,19時間10分35秒
isa01,nojimariku,math_elementary,0時間34分54秒
sho02,sakuma-chiharu,en_grammar_advanced,12時間42分0秒
sho02,sakuma-chiharu,en_grammar_fundamental_plus,1時間31分22秒
dia06,yukkymat,math_elementary,0時間46分28秒
dia06,yukkymat,math_basic,7時間52分27秒
zup04,matuo,en_grammar_fundamental_plus,2時間49分29秒
zup04,matuo,en_grammar_fundamental,11時間42分39秒
was02,fukazawatomoki,math_elementary,1時間14分43秒
kec03,haruki33,math_1,35時間7分17秒
kec03,haruki33,math_a,16時間22分15秒
holon-tierra_ng,abcd,math_1,7時間37分49秒
holon-tierra_ng,abcd,math_b,12時間54分1秒
zen14,zenrousai67,math_elementary,0時間5分51秒
hol31,moritatsuyoshi,math_elementary,2時間47分30秒
univer,hito,math_elementary,2時間24分57秒
pre03,sasakiaya,math_elementary,0時間6分32秒
isa01,kamahori,math_3,16時間7分39秒
tie03,mikage002,math_1,5時間36分16秒
hol20,tanakayushin,math_elementary,0時間58分4秒
dot00,suzuki-kotaro,math_1,5時間39分33秒
dot00,suzuki-kotaro,math_3,29時間18分43秒
ipl01,Zaq1Xsw2,en_grammar_fundamental_plus,7時間47分24秒
hol11,t0123,math_elementary,0時間54分13秒
aki01,aki01c01,math_2,4時間3分54秒
aki01,aki01c01,math_3,18時間43分46秒
hol32,asahikubo,math_2,36時間23分31秒
hol32,asahikubo,math_1,10時間28分22秒
hol32,asahikubo,math_b,39時間47分55秒
hol32,asahikubo,math_a,11時間15分4秒
dot00,kurumi,math_1,22時間0分59秒
dot00,kurumi,math_a,9時間37分60秒
kec02,tutuimomoko,en_grammar_advanced,15時間57分21秒
kec02,tutuimomoko,en_grammar_etc,4時間24分58秒
kec02,tutuimomoko,en_grammar_fundamental_plus,5時間19分10秒
kec02,tutuimomoko,en_grammar_fundamental,22時間12分59秒
holon-tierra_ng,nakashimaryosuke,math_1,18時間24分2秒
zup06,oomaeyuuki,math_elementary,0時間41分41秒
dot00,sawaierina,math_2,36時間52分47秒
dot00,sawaierina,math_1,13時間17分18秒
dot00,sawaierina,math_b,45時間48分47秒
dot00,sawaierina,math_a,5時間6分39秒
holon-tierra_k,tomoki-kashimoto,math_2,20時間12分59秒
holon-tierra_k,tomoki-kashimoto,math_1,8時間20分3秒
holon-tierra_k,tomoki-kashimoto,math_b,36時間49分1秒
holon-tierra_k,tomoki-kashimoto,math_a,5時間26分7秒
kec02,yunokinorika,en_grammar_fundamental_plus,3時間4分54秒
zen06,sakaneyuji,en_grammar_fundamental_plus,0時間37分20秒
holon-tierra_u,FukumasaSeina,math_a,29時間39分46秒
holon-tierra_ng,matsunagarina,math_basic,33時間20分36秒
holon-tierra_u,May1022,math_1,12時間5分37秒
dot00,sawaierina,chemistry_basic,7時間3分51秒
zup01,ilvbts32,math_elementary,0時間11分39秒
dot00,nakajimakeito,math_elementary,0時間42分20秒
tie01,tanaka_ayumi,math_1,11時間21分0秒
tie01,tanaka_ayumi,math_a,7時間17分48秒
kec02,maya,en_grammar_advanced,21時間6分35秒
kec02,maya,en_grammar_fundamental_plus,3時間27分6秒
kec02,maya,en_grammar_fundamental,23時間10分58秒
dia03,nakamurasho,math_elementary,1時間20分12秒
zup09,zup090000024,en_grammar_fundamental_plus,0時間48分20秒
zup09,zup090000024,en_grammar_fundamental,12時間16分36秒
zup01,inoue_ayano,en_grammar_advanced,6時間25分10秒
zup01,inoue_ayano,en_grammar_fundamental,3時間2分15秒
zup01,inoue_ayano,en_grammar_advanced_plus,4時間10分58秒
sun01,atsuko-ota,en_grammar_fundamental_plus,1時間0分14秒
sun01,atsuko-ota,en_grammar_fundamental,3時間31分36秒
holon-tierra_ng,Shimosakashion,en_grammar_fundamental,2時間46分35秒
dot00,ikuminakamura,en_grammar_fundamental_plus,3時間50分40秒
sho01,do_shiu_20000507,en_grammar_fundamental_plus,2時間20分3秒
sho01,do_shiu_20000507,en_grammar_fundamental,10時間43分55秒
holon-tierra_ng,htng27,en_grammar_advanced,6時間33分58秒
holon-tierra_ng,htng27,en_grammar_fundamental_plus,0時間52分35秒
holon-tierra_ng,htng27,en_grammar_fundamental,4時間21分46秒
kec01,TsujiKanae,math_elementary,0時間11分3秒
was01,ws202496y,en_grammar_fundamental_plus,3時間18分53秒
was01,ws202496y,en_grammar_fundamental,22時間54分1秒
holon-tierra_n,misaki,math_elementary,0時間27分17秒
zup01,masumori_kotaro,en_grammar_fundamental_plus,2時間45分1秒
holon-tierra_b,sawashima,math_elementary,4時間33分22秒
dia04,ksaemtk,math_elementary,0時間18分22秒
zen10,h_miku,en_grammar_fundamental_plus,1時間44分2秒
mky03,tanakaririka,en_grammar_fundamental_plus,1時間38分29秒
hol20,hirotakazuya,math_elementary,1時間35分47秒
kec05,kakutanigen2,chemistry_basic,8時間1分39秒
holon-tierra_ng,isakatomohiro,en_grammar_fundamental_plus,1時間53分59秒
tkg01,Miyakou,en_grammar_fundamental_plus,1時間28分6秒
isa01,kamahori,chemistry_basic,0時間32分9秒
mky10,kawagoesara,en_grammar_fundamental_plus,2時間9分46秒
mky10,kawagoesara,en_grammar_fundamental,18時間20分30秒
kec02,Matsuotaisei,math_2,32時間35分26秒
kec02,Matsuotaisei,math_1,10時間5分28秒
kec02,Matsuotaisei,math_3,62時間23分55秒
kec02,Matsuotaisei,math_a,10時間19分11秒
holon-tierra_m,yuuna,math_elementary,2時間34分56秒
holon-tierra_ng,abcd,en_grammar_advanced,4時間5分41秒
holon-tierra_ng,abcd,en_grammar_etc,1時間29分39秒
holon-tierra_ng,abcd,en_grammar_fundamental_plus,0時間32分41秒
holon-tierra_ng,abcd,en_grammar_fundamental,1時間54分19秒
holon-tierra_ng,abcd,en_grammar_advanced_plus,2時間8分25秒
kec03,nanase1557,en_grammar_fundamental_plus,1時間56分33秒
holon-tierra_m,moomin,math_elementary,1時間57分3秒
tie01,iwai_hisami,math_elementary,0時間33分27秒
zen10,maezimaami,math_elementary,0時間46分2秒
holon-tierra_ng,miharasaya,math_elementary,1時間34分18秒
holon-tierra_ng,shiozakishiho,en_grammar_fundamental,37時間7分36秒
tie01,ogata_ayana,math_a,11時間39分42秒
was03,yamadakeika,en_grammar_fundamental_plus,2時間27分13秒
zup04,kawaguchiyuito,en_grammar_advanced,6時間40分58秒
zup04,kawaguchiyuito,en_grammar_etc,1時間53分20秒
zup04,kawaguchiyuito,en_grammar_fundamental_plus,0時間46分27秒
zup04,kawaguchiyuito,en_grammar_fundamental,2時間47分31秒
zup04,kawaguchiyuito,en_grammar_advanced_plus,1時間43分49秒
goa02,ohokouta,math_1,14時間24分48秒
dia01,HinaHarada,math_1,19時間58分3秒
dia01,HinaHarada,math_a,7時間48分47秒
hol21,yonedarihito,math_elementary,0時間44分57秒
isa01,suzuka0730,math_3,15時間3分35秒
tie02,kimhyongju,math_1,10時間22分55秒
hol24,hanaguruma0303,math_elementary,0時間45分44秒
tie06,zero00,en_grammar_advanced,7時間55分11秒
tie06,zero00,en_grammar_fundamental_plus,0時間39分14秒
tie06,zero00,en_grammar_fundamental,5時間35分11秒
zkai,zkai57,math_1,4時間29分14秒
zup03,superman,math_elementary,0時間35分27秒
dia06,mannaga040330,math_elementary,1時間46分1秒
dot00,TsubataYusuke,chemistry_basic,3時間58分35秒
sho03,itonatsumiko0215,en_grammar_fundamental_plus,2時間14分13秒
sho03,itonatsumiko0215,en_grammar_fundamental,9時間32分33秒
zup01,kobayashi_nanaka,en_grammar_fundamental_plus,1時間23分0秒
holon-tierra_k,matsusueshu,math_elementary,2時間4分24秒
zenkyoken_maebaru,Yuku,math_elementary,0時間5分47秒
holon-tierra_u,KataokaMasaya,math_a,20時間52分23秒
tie03,mikage001,math_1,12時間5分0秒
zup01,tanaka_kaho,en_grammar_fundamental_plus,2時間12分16秒
zup01,tanaka_kaho,en_grammar_fundamental,11時間20分48秒
holon-tierra_ng,matsudakyosuke,math_1,15時間49分7秒
holon-tierra_ng,matsudakyosuke,math_b,12時間40分37秒
holon-tierra_ng,matsudakyosuke,math_a,11時間20分35秒
kec06,ikebata,math_1,12時間28分14秒
kec06,ikebata,math_a,9時間4分36秒
aih01,ootaniryouma,math_2,14時間14分11秒
aih01,ootaniryouma,math_a,6時間38分33秒
dia01,haruka-1216,math_elementary,0時間28分18秒
gaz00,gaznet201801,math_elementary,1時間30分23秒
zen16,kagoshima-hiroshi,en_grammar_fundamental_plus,0時間58分6秒
zen11,onomisaki,math_elementary,0時間14分46秒
zen11,onomisaki,math_basic,5時間42分9秒
tie06,a35578297,math_elementary,0時間37分20秒
dot00,ikuminakamura,math_1,22時間16分26秒
univer,univer07,math_2,24時間16分59秒
univer,univer07,math_1,7時間9分27秒
univer,univer07,math_b,25時間11分10秒
univer,univer07,math_a,2時間16分38秒
holon-tierra_ng,KazuhoNohara,math_elementary,0時間37分17秒
tie01,tsukamoto_mai,math_elementary,0時間52分30秒
holon-tierra_ng,abiru8007,math_elementary,0時間18分26秒
dia01,miura1013,math_1,15時間30分2秒
dia01,miura1013,math_a,6時間1分47秒
